metric,mean,ci_2_5,ci_97_5
r2,0.6142782235506579,0.5811067036609583,0.6441358702454059
rmse,62.083706520871125,57.57275376915349,67.4458758513808
mae,29.19253682121442,27.360399037243475,31.086441390085298
mape,0.2935971479258418,0.2813947034586236,0.3064215593140645
