index,prediction,residual
count,3947.0,3947.0
mean,97.66719027109197,-0.9912338484925256
std,72.73105600872975,61.90385420886658
min,26.433333333333334,-373.9
25%,51.95,-17.11666666666666
50%,68.53333333333333,-4.366666666666667
75%,116.51666666666667,5.050000000000001
max,708.2333333333333,562.5
