split,train_rows,test_rows,train_r2,train_rmse,train_mae,train_mape,test_r2,test_rmse,test_mae,test_mape
random,15788,3947,0.9460713193809067,23.950126341699153,11.23995017312727,0.10969521434629088,0.6170616627346055,61.903948375072275,29.167789882611267,0.29333951677971043
grouped_dates,15703,4032,0.9504482655367105,22.717886432286594,10.44067375660702,0.10100887560580575,-0.052658691900671295,107.00201023089417,63.51512896825397,0.7838905947319535
temporal_future,15788,3947,0.9523462242231439,22.963791073376207,10.780459842918672,0.10646429880678068,-3.6599313159017735,196.52372812824035,159.46853306308586,2.2470122893240982
