metric,train,test
r2,0.9460713193809067,0.6170616627346055
rmse,23.950126341699153,61.903948375072275
mae,11.23995017312727,29.167789882611267
