feature,spearman_value_shap,mean_abs_shap
date_time_sin,-0.8056494997823073,24.170250691929414
date_time_cos,-0.9019934889408265,21.524943097529164
lights,0.7519723769490453,7.642585240884443
date_week_sin,-0.28296627881967634,6.857177366525905
