metric,train,test
accuracy,0.9991916764926175,0.5686695278969958
balanced_accuracy,0.9991977923806283,0.5837437422808016
precision,0.9988363834192193,0.6721821756225426
recall,0.9995160900072586,0.3891312594840668
f1,0.9991761211177542,0.49291206150888994
